Type,Subtype,SBS9_GRCh37,SBS9_GRCh38,SBS9_mm9,SBS9_mm10
C>A,ACA,0.000557953689843743,0.000555280693058628,0.000476940150054939,0.000477517929313401
C>A,ACC,0.00408966055817367,0.00413247905629368,0.00389846952034614,0.003907812212213
C>A,ACG,0.00042596464493447,0.000412820983912909,0.000453625237187608,0.000458555704522349
C>A,ACT,0.00304974687100971,0.00303587593767837,0.00293025863160195,0.00293481543286411
C>G,ACA,0.00483959831333999,0.00481641317993506,0.00413690022628298,0.00414191178830978
C>G,ACC,0.00195983733350132,0.0019803567115735,0.00186821522246416,0.00187269240487469
C>G,ACG,0.00135988712936826,0.00131792614582525,0.00144819324548157,0.00146393370457839
C>G,ACT,0.00640946801415483,0.00638031631492405,0.00615834682903885,0.0061679235818554
C>T,ACA,0.00809932775579627,0.00806052618956073,0.00692332475886202,0.00693171187713001
C>T,ACC,0.00541955017733528,0.00547629253914713,0.00516618699273254,0.00517856777266368
C>T,ACG,0.00437963649017132,0.00424449744023132,0.00466403412883034,0.00471472766621571
C>T,ACT,0.0064894613747059,0.00645994584771561,0.00623520607183497,0.00624490234730757
T>A,ATA,0.012698945987483,0.0127534498617136,0.0128767207851289,0.0128378097895208
T>A,ATC,0.00281976595942537,0.00281070450791949,0.00270426980713556,0.00269674048187397
T>A,ATG,0.00275977093901206,0.00277022074500891,0.0026219414720857,0.00262337472081486
T>A,ATT,0.0188984314301913,0.0189597592650703,0.0213181931857138,0.0212246784192665
T>C,ATA,0.0202983152398351,0.0203854356057311,0.0205824749557572,0.0205202786399426
T>C,ATC,0.0104991285723285,0.0104653891252322,0.0100690897074196,0.010041054985701
T>C,ATG,0.0142988131985045,0.0143529553092853,0.0135846967575455,0.0135921226477002
T>C,ATT,0.0289975931997644,0.0290916941104253,0.0327104551526826,0.0325669668867052
T>G,ATA,0.0450962570106681,0.0452898101388411,0.0457275675125443,0.0455893875202666
T>G,ATC,0.00692942485773681,0.00690715682265322,0.00664559920689696,0.00662709629056264
T>G,ATG,0.00532955764671532,0.00534973788800634,0.00506338697326694,0.00506615480505188
T>G,ATT,0.0238980164646334,0.023975568594454,0.0269579268327281,0.0268396727100777
C>A,CCA,0.00479960163306446,0.00482915268549774,0.00465752792016718,0.00467344054794201
C>A,CCC,0.00191984065322578,0.00194520333199981,0.0018139562780981,0.00182596086584732
C>A,CCG,0.00136988629943715,0.00136608816174913,0.00164657981741377,0.00166750866140232
C>A,CCT,0.00305974604107859,0.00307934657667486,0.00289552401550845,0.00290476312247654
C>G,CCA,0.000892925887151366,0.000898423614197808,0.000866494256814436,0.000869454668606711
C>G,CCC,0.00153987219060818,0.00156021517254152,0.00145494409805785,0.00146457277781504
C>G,CCG,0.000436963732010243,0.000435752209258664,0.00052522290526264,0.000531898748199134
C>G,CCT,0.00302974853087194,0.00304915690435452,0.00286713652516033,0.00287628505264834
C>T,CCA,0.00723939912987222,0.00728397196729242,0.00702510461291883,0.00704910615981253
C>T,CCC,0.00875927298034263,0.00887499020224914,0.00827617551882259,0.00833094645042841
C>T,CCG,0.00650945971484367,0.0064914116299174,0.00782425884041141,0.00792370904067818
C>T,CCT,0.0110990787764616,0.0111701787585264,0.0105033714288052,0.0105368858364345
T>A,CTA,0.00478960246299557,0.00479478160192606,0.00441402628179599,0.00441232963619273
T>A,CTC,0.00312974023156078,0.00312323475904532,0.00287668954294059,0.00288938000563965
T>A,CTG,0.00530955930657755,0.005315265053458,0.0049992430716784,0.00502708672187372
T>A,CTT,0.00443963151058462,0.00441570185971986,0.00404910433415292,0.00405299560097166
T>C,CTA,0.0136988629943715,0.0137136759804566,0.0126246680711075,0.0126198154521587
T>C,CTC,0.015298730205393,0.015266930291819,0.0140617731651728,0.014123806417344
T>C,CTG,0.0153987219060818,0.0154152696465637,0.0144987463849053,0.014579498214097
T>C,CTT,0.0328972695266293,0.0327199529695458,0.0300034983318989,0.0300323322684612
T>G,CTA,0.0259978421790991,0.026025954415465,0.0239592240765544,0.0239500147267246
T>G,CTC,0.00740938502104325,0.00739398388642997,0.00681030974862292,0.0068403533040862
T>G,CTG,0.0141988214978157,0.0142140798039743,0.0133689739393283,0.0134434334181934
T>G,CTT,0.0564953108891962,0.0561908006923811,0.0515257646125315,0.0515752818592115
C>A,GCA,0.00771935929317867,0.00771109275265665,0.00769545398897201,0.00773895670984335
C>A,GCC,0.0066794456060147,0.00676529643280617,0.007247093858474,0.00730719494740961
C>A,GCG,0.000170985808177921,0.000169466526040143,0.000219339222168368,0.000222937873034547
C>A,GCT,0.00855928957896495,0.00859395373499065,0.00804096302681737,0.00811692816182615
C>G,GCA,0.00135988712936826,0.00135843084761827,0.00135567583225414,0.00136333952401385
C>G,GCC,0.00282976512949425,0.00286613606359902,0.00307025084123973,0.00309571282951635
C>G,GCG,0.000520956760588871,0.000516327836648622,0.000668279150583157,0.000679243461116953
C>G,GCT,0.00856928874903383,0.00860399340056891,0.00805035667521319,0.00812641055453857
C>T,GCA,0.00697942070808123,0.00697194655615847,0.00695780684495138,0.00699713961589463
C>T,GCC,0.00652945805498144,0.00661338109374615,0.00708435971494539,0.00714311122853065
C>T,GCG,0.00475960495278892,0.00471731382427532,0.00610558302644113,0.00620575599792072
C>T,GCT,0.0106991119737062,0.0107424421687383,0.0100512037835217,0.0101461602022827
T>A,GTA,0.00264978006825433,0.00266798095345272,0.00253897435600952,0.00253809468516022
T>A,GTC,0.00211982405460347,0.00212967817525495,0.00184711568892233,0.00185270220888262
T>A,GTG,0.000787934601428081,0.000784944546682599,0.000709819712851813,0.000713853630010285
T>A,GTT,0.00255978753763438,0.00252618677538312,0.00240227339179216,0.0024001447343886
T>C,GTA,0.00951920990557784,0.00958459572712072,0.00912114561102288,0.00911798543499067
T>C,GTC,0.00977918832736883,0.00982464743112896,0.00852112803663228,0.00854689981267548
T>C,GTG,0.00630947631346598,0.00628553310858782,0.00568396242144028,0.00571626447381332
T>C,GTT,0.0098591816879199,0.00972976625206154,0.00925250611057451,0.0092443074535436
T>G,GTA,0.00829931115717396,0.00835631770326702,0.00795225930372793,0.00794950410823766
T>G,GTC,0.00584951449029731,0.00587670628549125,0.00509699376424323,0.00511240939715251
T>G,GTG,0.00396967051734706,0.00395460640904812,0.00357612215738794,0.00359644531870664
T>G,GTT,0.0193983899336355,0.0191437591572002,0.018204728047175,0.0181885968152886
C>A,TCA,0.0169985891171033,0.0169150900158638,0.0168756193567375,0.0168840462097296
C>A,TCC,0.00245979583694553,0.00245134247422054,0.00224618978637519,0.00225069751647089
C>A,TCG,0.000444963068065351,0.000436019744514999,0.000470613809837847,0.000473075959618238
C>A,TCT,0.0272977342880541,0.0270489226794949,0.0238512473450538,0.0238420806306926
C>G,TCA,0.00268977674852987,0.00267656424368668,0.00267031859233081,0.0026716520178925
C>G,TCC,0.00199983401377686,0.00199296136115491,0.00182617055802861,0.00182983537924462
C>G,TCG,0.000403966470782925,0.000395847138840583,0.000427253885785371,0.000429489185810715
C>G,TCT,0.00562953274878185,0.00557822105075297,0.00491877371987739,0.00491688329490107
C>T,TCA,0.00426964561941359,0.00424867260986696,0.00423875850901583,0.00424087513620854
C>T,TCC,0.00732939166049218,0.00730420338863275,0.00669291509517484,0.00670634666493155
C>T,TCG,0.00325972944245628,0.00319421206094134,0.00344764274173344,0.00346568006372013
C>T,TCT,0.00545954685761082,0.00540978453589897,0.00477024946901076,0.00476841612613851
T>A,TTA,0.0259978421790991,0.0263433595705787,0.028003025862099,0.0279725349636945
T>A,TTC,0.00184984646274359,0.0018163053328672,0.00174032290093835,0.00173788430005305
T>A,TTG,0.0166986140150368,0.0165846811408621,0.0164389671267107,0.0164051312674066
T>A,TTT,0.0169985891171033,0.0169448392553642,0.0191690116785031,0.0190791681845302
T>C,TTA,0.013998838096438,0.0141848859226193,0.0150785523872841,0.0150621342112201
T>C,TTC,0.0135988712936826,0.01335229866324,0.0127937251096008,0.0127757980976873
T>C,TTG,0.00930922733413127,0.00924571146236085,0.00916447808081894,0.00914561509578174
T>C,TTT,0.0383968130645156,0.0382754016121167,0.0432994146149717,0.0430964740168211
T>G,TTA,0.0656945473525697,0.0665676432225777,0.0707614922746116,0.0706844441197971
T>G,TTC,0.00861928459937825,0.00846300106449474,0.00810896400329112,0.00809760144132826
T>G,TTG,0.0108990953750839,0.0108247320021196,0.010729625250368,0.0107075407673492
T>G,TTT,0.0638946967401706,0.063692660495163,0.0720529321327263,0.0717152262936164
