Type,Subtype,SBS17a_GRCh37,SBS17a_GRCh38,SBS17a_mm9,SBS17a_mm10
C>A,ACA,0.00207026139120325,0.00206780464175446,0.00189906575120184,0.00189785082169241
C>A,ACC,0.000918115921316225,0.000931088194862799,0.000939190059509576,0.000939700162671664
C>A,ACG,4.76060107349154e-05,4.6304148701493e-05,5.44044636232158e-05,5.4894103550677e-05
C>A,ACT,6.18078038533145e-05,6.17494994681626e-05,6.37286268145008e-05,6.37097165668015e-05
C>G,ACA,0.00101012753870304,0.0010089288348657,0.000926597298895582,0.000926004507202577
C>G,ACC,0.000569071851011908,0.000577112399648075,0.000582134143639378,0.000582450318693003
C>G,ACG,0.000152019193943427,0.000147861987450146,0.000173728539301025,0.00017529209537191
C>G,ACT,1.96024750084946e-05,1.95839836500969e-05,2.02116680512009e-05,2.02056706263642e-05
C>T,ACA,0.00122015405665119,0.00121870611736253,0.00111925614322041,0.00111854009780905
C>T,ACC,0.00171021593186356,0.00173437997082286,0.00174947167947862,0.00175042187164329
C>T,ACG,3.95049878997722e-05,3.84246612123734e-05,4.51465611999374e-05,4.55528800473055e-05
C>T,ACT,0.000737093065370433,0.000736397752557215,0.000759999967027299,0.000759774451613798
T>A,ATA,0.00101012753870304,0.00101813675972194,0.0010991650292402,0.00109381741243201
T>A,ATC,0.000997125897115769,0.000997520951338894,0.00102620952263919,0.00102146019557088
T>A,ATG,0.00020002525518872,0.000201509755796455,0.000203931295238714,0.0002036655085566
T>A,ATT,0.00146018436287766,0.00147022788753139,0.00176758951236595,0.00175658194093478
T>C,ATA,9.65121856285574e-05,9.72774230823442e-05,0.000105019232991762,0.000104508297326424
T>C,ATC,0.0127016037044837,0.0127066359899739,0.0130720771690248,0.0130115792214144
T>C,ATG,0.000376047479754793,0.000378838340897336,0.000383390835048782,0.000382891156086408
T>C,ATT,0.00779098368960064,0.00784457208484212,0.00943117965844572,0.00937244747937121
T>G,ATA,0.000851107460828003,0.000857855824280569,0.000926128158300406,0.000921622394039245
T>G,ATC,0.00070008839316052,0.000700365763226906,0.000720508190418689,0.000717173657873235
T>G,ATG,0.000719090792403448,0.000724427572088256,0.000733133006383177,0.000732177503260977
T>G,ATT,0.012501578449295,0.0125875675302345,0.0151334718524482,0.0150392289463595
C>A,CCA,0.000295037251403362,0.000297928809647117,0.000307238910670178,0.000307718597215109
C>A,CCC,0.00116014648009458,0.00117972980383276,0.00117631476034684,0.00118191016841546
C>A,CCG,2.22028033259479e-16,2.22214257891229e-16,2.86388230532391e-16,2.89492121396891e-16
C>A,CCT,0.000137017299804273,0.000138394393754375,0.000139144576406292,0.000139330471278241
C>G,CCA,0.000553069830596811,0.000558490277067308,0.000575942771527486,0.00057684198054222
C>G,CCC,0.000235029674846746,0.000238996986121291,0.000238305145415093,0.000239438697911753
C>G,CCG,0.000232029296018915,0.000232223909147591,0.000299288601277093,0.0003025323070454
C>G,CCT,3.90049247618004e-05,3.93969442074499e-05,3.96104998528861e-05,3.96634188310322e-05
C>T,CCA,0.000821103672549695,0.000829151026170451,0.000855061510712597,0.00085639650275798
C>T,CCC,0.00172021719462299,0.00174925453671754,0.00174419085154877,0.00175248749109879
C>T,CCG,0.00190023992429284,0.00190183373870872,0.00245107044149343,0.00247763527321664
C>T,CCT,0.00174021972014186,0.00175770981848622,0.00176723768574415,0.00176959868630759
T>A,CTA,0.000434054803759522,0.000436097736201801,0.000429268580028043,0.000428310192488779
T>A,CTC,0.0405051141757158,0.040567299739217,0.039952471587958,0.0400545255567686
T>A,CTG,0.0124015658217006,0.012459851781609,0.0125305862019391,0.0125770788721925
T>A,CTT,0.0723091297507223,0.0721798301929404,0.0707708261917165,0.0707078615093417
T>C,CTA,0.011101401662974,0.0111536517784332,0.010978989028367,0.0109544772733305
T>C,CTC,0.173021845738243,0.173287477898384,0.170661174931277,0.171097109168419
T>C,CTG,0.0873110238898762,0.0877213758495537,0.0882193689862325,0.0885466923824517
T>C,CTT,0.426053793551974,0.425291945535168,0.416989930258246,0.416618935034295
T>G,CTA,0.000310039145542516,0.000311498383001287,0.000306620414305745,0.000305935851777699
T>G,CTC,0.00104013132698134,0.00104172819083421,0.00102594001114756,0.00102856065627258
T>G,CTG,1.94024497533058e-06,1.94936390776786e-06,1.96043042191628e-06,1.96770427516559e-06
T>G,CTT,0.00531067052526051,0.00530117425068484,0.0051976913842049,0.00519306700711762
C>A,GCA,0.00178022477117961,0.00178475831901973,0.0019044822040903,0.00191170714073759
C>A,GCC,0.00128016163320781,0.00130131106856367,0.00149051847734576,0.00150010080537163
C>A,GCG,0.000106013385250022,0.000105451914188934,0.000145937205185452,0.000148057308891129
C>A,GCT,4.70059349693492e-05,4.73672193416799e-05,4.73884091477301e-05,4.77476540565587e-05
C>G,GCA,0.00087811087027848,0.000880347080954675,0.000939401896174876,0.000942965657060452
C>G,GCC,0.000835105440412906,0.000848902142383332,0.00097233041295602,0.00097858138475415
C>G,GCG,2.37029927398633e-05,2.35774562856391e-05,3.26293562537284e-05,3.31033794407525e-05
C>G,GCT,0.000787099379167613,0.000793148970678768,0.000793503787218374,0.000799519228564079
C>T,GCA,0.0016402070925475,0.00164438406920919,0.00175469146893713,0.00176134815214025
C>T,GCC,2.22028033259479e-16,2.25696138454012e-16,2.58511798414654e-16,2.60173733431642e-16
C>T,GCG,0.0016102033042692,0.00160167530041683,0.00221659339951489,0.00224879497466715
C>T,GCT,6.60083342122776e-05,6.65156697138484e-05,6.6545425611706e-05,6.70498971858059e-05
T>A,GTA,6.46081574259565e-05,6.52875174360835e-05,6.64331628587232e-05,6.62873575466422e-05
T>A,GTC,0.00340042933820824,0.00342860790676959,0.00317963394120972,0.00318335386905393
T>A,GTG,0.000695087761780802,0.000694957665473315,0.000671964940278427,0.000674534244189638
T>A,GTT,0.00480060612452928,0.00475474811853956,0.00483463480263186,0.00482141979519994
T>C,GTA,0.000123015531941063,0.000124309050226599,0.000126490387486424,0.000126212770560944
T>C,GTC,0.0149018815115596,0.0150253699443726,0.0139342781541249,0.013950580190854
T>C,GTG,0.00357045080511865,0.00356978254063271,0.00345167602416401,0.00346487374353526
T>C,GTT,0.00524066168594446,0.00519060002940569,0.00527780965953978,0.0052633832764266
T>G,GTA,0.000495062506592082,0.000500268128960702,0.000509046681347802,0.00050792944250136
T>G,GTC,0.000204025760292494,0.000205716474406176,0.000190778036472583,0.000191001232143236
T>G,GTG,0.000835105440412906,0.00083494913765499,0.000807324784363291,0.000810411645896903
T>G,GTT,0.00724091423783166,0.00717174507879717,0.00729224082730306,0.00727230819109324
C>A,TCA,0.000190023992429284,0.000189775340262152,0.000202443749119352,0.000202170346184632
C>A,TCC,2.59032705469392e-05,2.59077342237725e-05,2.53834749619872e-05,2.53873886608914e-05
C>A,TCG,2.22028033259479e-16,2.18353373223288e-16,2.51998294532678e-16,2.5284832765341e-16
C>A,TCT,0.000288036367471757,0.000286444573393681,0.000270072837872534,0.000269469884469136
C>G,TCA,0.0037504735347885,0.00374556592622669,0.00399560031156617,0.00399020420101248
C>G,TCC,0.000723091297507223,0.000723215901304537,0.000708581173649296,0.000708690424780869
C>G,TCG,0.000380047984858568,0.00037375802623806,0.000431348432082962,0.000432803443731061
C>G,TCT,0.000283035736092039,0.000281471577327819,0.000265384073326136,0.000264791587863769
C>T,TCA,0.000532067178801995,0.000531370952734026,0.000566842497534187,0.00056607696931697
C>T,TCC,9.06114406004901e-05,9.06270548522698e-05,8.87931595195383e-05,8.88068499102998e-05
C>T,TCG,0.000177022350842017,0.000174092554326675,0.000200917559154433,0.000201595288264205
C>T,TCT,0.000348043944028373,0.000346120526184032,0.000326338012429312,0.000325609443733539
T>A,TTA,0.000119015026837288,0.000121033490768155,0.000137568355563757,0.000137164486464341
T>A,TTC,0.00570071977287852,0.00561762534160726,0.00575536582163119,0.00573667478483178
T>A,TTG,0.00183023108497679,0.00182432634850837,0.00193352199407014,0.00192597467164853
T>A,TTT,0.00198025002636833,0.00198113699601006,0.00239638152032369,0.00238073988774521
T>C,TTA,0.00209026391672212,0.00212571424962558,0.00241611649687606,0.00240902333370145
T>C,TTC,0.0153019320219371,0.0150788890748405,0.0154486135212206,0.0153984428434958
T>C,TTG,0.00235029674846746,0.00234271416338506,0.00248293807981685,0.00247324616304593
T>C,TTT,0.0210026517948156,0.0210120590485915,0.0254161676397967,0.0252502715366917
T>G,TTA,2.22028033259479e-16,2.25793571012861e-16,2.56640125505496e-16,2.55886689034317e-16
T>G,TTC,0.000116014648009458,0.000114323603443235,0.000117126743036705,0.000116746364042191
T>G,TTG,0.000920116173868112,0.000917147672474152,0.000972043844013404,0.000968249561703087
T>G,TTT,0.00458057834382169,0.00458263002107377,0.00554314513286994,0.00550696398276418
