Type,Subtype,SBS7c_GRCh37,SBS7c_GRCh38,SBS7c_mm9,SBS7c_mm10
C>A,ACA,0.00483040594731581,0.00481984778447113,0.00399310139794695,0.00400530813062328
C>A,ACC,0.00115009665412281,0.0011651799727265,0.00106023514955372,0.00106473501335087
C>A,ACG,0.000377031685742869,0.000366354333840151,0.00038829561138601,0.000393239530945142
C>A,ACT,0.0019601647322441,0.00195635682475615,0.00182135963957948,0.00182755452911212
C>G,ACA,0.00112009413271091,0.00111764586306577,0.00092593655604567,0.000928767102753224
C>G,ACC,0.000319026811013197,0.000323210792434568,0.000294100011050118,0.000295348234138197
C>G,ACG,2.22018658448056e-16,2.15731199237436e-16,2.28651527129162e-16,2.31562800715707e-16
C>G,ACT,0.0019301622108322,0.00192641258764254,0.00179348168591245,0.00179958175570734
C>T,ACA,0.00133011178259421,0.0013272044623906,0.00109954966030423,0.00110291093451945
C>T,ACC,0.00768064548144625,0.00778137581786046,0.00708052691180221,0.00711057817611709
C>T,ACG,0.000927077911627692,0.000900823521140106,0.000954774620039339,0.000966931154339912
C>T,ACT,0.00748062867203359,0.00746609645366124,0.00695090311431353,0.00697454483559113
T>A,ATA,0.0124010421835851,0.0124868662842758,0.0121606493419992,0.0121462500825145
T>A,ATC,0.00342028744095653,0.00341821995898488,0.00317219984631939,0.00316919870712237
T>A,ATG,0.000211017733930359,0.000212371174153675,0.000193878606196187,0.00019434215774874
T>A,ATT,0.05070426118611,0.0510019512312197,0.055313363935528,0.0551722368324914
T>C,ATA,0.000288024205554234,0.000290017539505761,0.000282440887943207,0.000282106453529368
T>C,ATC,0.000533044797084746,0.000532722584251152,0.000494380853242175,0.000493913131841
T>C,ATG,0.00107008993035775,0.00107695334760394,0.000983175870283983,0.000985526581948586
T>C,ATT,0.00265022272471778,0.00266578246080339,0.00289113243449998,0.00288375596856217
T>G,ATA,0.0119010001600534,0.0119833636115228,0.0116703005782089,0.011656481934026
T>G,ATC,0.00105008824941648,0.00104945349617957,0.000973921005448936,0.000972999603063884
T>G,ATG,0.000604050764426242,0.00060792506724559,0.000554988995936005,0.000556315939716772
T>G,ATT,2.22018658448056e-16,2.23322153320133e-16,2.42200528475093e-16,2.41582575479548e-16
C>A,CCA,0.000109009161129901,0.000109967414742893,0.000102299674120798,0.000102838397520992
C>A,CCC,0.00309025970542564,0.00313928014511823,0.0028236937231076,0.00284761999644208
C>A,CCG,0.00191016052989093,0.00190985038113256,0.00222038922227687,0.00225275631755482
C>A,CCT,0.0135011346353547,0.013623187397705,0.0123558616274311,0.0124181351513822
C>G,CCA,0.000206017313695043,0.000207828325110421,0.000193336998797105,0.000194355136599306
C>G,CCC,0.00226018994636309,0.00229604308348453,0.00206522582984569,0.00208272530484114
C>G,CCG,0.000262022020330588,0.00026197947636478,0.000304576950909183,0.000309016835182913
C>G,CCT,0.00424035635954845,0.00427868996787179,0.0038806558000228,0.00390021429939708
C>T,CCA,0.00271022776754158,0.00273405223810312,0.00254341391621434,0.00255680786497146
C>T,CCC,0.00597050176096798,0.00606521115416047,0.00545548593105255,0.00550171242031043
C>T,CCG,0.00894075138074603,0.00893929968969898,0.0103928165691912,0.0105443149104398
C>T,CCT,0.0206017313695043,0.0207879748439054,0.0188541295944504,0.0189491543791462
T>A,CTA,0.0034702916433097,0.0034831374228978,0.00309287521793297,0.00309738527510494
T>A,CTC,0.0134011262306484,0.0134082749779056,0.0119120629043636,0.0119866670371143
T>A,CTG,0.000961080769227845,0.000964631879322328,0.000875118052145317,0.000881614169492623
T>A,CTT,0.0487040930919834,0.0485683726152135,0.0429574488107472,0.0430779910055601
T>C,CTA,0.00757063623626929,0.00759866002632171,0.00674728109502956,0.00675712003819723
T>C,CTC,0.00358030088848666,0.00358221077767926,0.0031824765072852,0.00320240805916934
T>C,CTG,0.00217018238212739,0.00217820101782461,0.0019760730209733,0.00199074167304786
T>C,CTT,0.0431036224284288,0.0429835084130534,0.0380177832390802,0.0381244643190891
T>G,CTA,0.00328027567436767,0.00329241808273913,0.00292352470167727,0.00292778781047383
T>G,CTC,0.00558046898261329,0.00558344584900846,0.00496039634375738,0.00499146284082819
T>G,CTG,0.00119010001600534,0.00119449733235543,0.00108365294698536,0.00109169704651012
T>G,CTT,0.00340028576001527,0.00339081040845433,0.00299908266851212,0.00300749834535738
C>A,GCA,0.00105008824941648,0.00105170937081863,0.00101237116612468,0.00101997078821987
C>A,GCC,0.000742062362920979,0.000753567380946337,0.000778618738643566,0.000786523049791376
C>A,GCG,2.22018658448056e-16,2.20621893986114e-16,2.75427110369698e-16,2.80462005493944e-16
C>A,GCT,0.000363030509083983,0.000365454816025126,0.000329818071697102,0.000333547646348319
C>G,GCA,0.000182015296565523,0.000182296290941896,0.000175477668794944,0.000176794936624777
C>G,GCC,0.000473039754260947,0.000480373815616735,0.000496343212100279,0.000501381944139247
C>G,GCG,0.000180015128471397,0.000178882616745498,0.000223319278678133,0.000227401626076171
C>G,GCT,0.00128010758024104,0.00128865610058447,0.00116299485336719,0.00117614597059463
C>T,GCA,0.00015701319538894,0.00015725559163669,0.000151373593411023,0.000152509917857637
C>T,GCC,9.51079928757212e-06,9.65825578544429e-06,9.97933181199503e-06,1.00806390882965e-05
C>T,GCG,3.43028828142717e-05,3.40870764131699e-05,4.25547292147776e-05,4.33326431911814e-05
C>T,GCT,0.000758063707673992,0.000763126034564865,0.000688711014728385,0.000696498941961504
T>A,GTA,0.00173014540141953,0.00174658920568985,0.00160321610295428,0.00160561481470243
T>A,GTC,0.00227019078683372,0.00228671370332642,0.00191301165537049,0.00192233438084118
T>A,GTG,2.22018658448056e-16,2.21755066620406e-16,1.93423098405093e-16,1.94880886721259e-16
T>A,GTT,0.0203017061553853,0.0200876599371679,0.0184251921742741,0.0184427985230026
T>C,GTA,2.22018658448056e-16,2.24128788244593e-16,2.05730621303959e-16,2.06038432869329e-16
T>C,GTC,0.000423035551907782,0.000426114491853338,0.000356477502300316,0.00035821473264133
T>C,GTG,0.000232019498918689,0.000231744033585289,0.000202135850585502,0.000203659305042037
T>C,GTT,0.00707059421273763,0.00699604708156539,0.00641704968828167,0.00642318155456297
T>G,GTA,0.00248020843671702,0.00250378105786753,0.00229825198573792,0.00230169060142314
T>G,GTC,0.0016601395181251,0.0016722223557365,0.00139894244401543,0.00140575994369884
T>G,GTG,0.00603050680379178,0.00602334707982453,0.00525378956478697,0.0052933862474288
T>G,GTT,0.00675056731767737,0.00667939431408294,0.00612660330917981,0.00613245763695898
C>A,TCA,0.00252021179859955,0.00251439642448501,0.0024196071714424,0.0024252776763003
C>A,TCC,0.0142011934682991,0.0141894331177062,0.0125410300389616,0.0125893609899659
C>A,TCG,2.22018658448056e-16,2.18125749871014e-16,2.27086414511647e-16,2.28695258339248e-16
C>A,TCT,0.00373031349554616,0.00370598771179739,0.0031520333482965,0.0031566298202101
C>G,TCA,0.00194016305130283,0.00193568613630989,0.00186271345738026,0.00186707884604071
C>G,TCC,0.00461038745696188,0.00460656948398772,0.00407141890701501,0.0040871094481509
C>G,TCG,8.750735411804e-06,8.59729869987106e-06,8.95047804944556e-06,9.01388968679469e-06
C>G,TCT,0.0123010337788788,0.0122208173874284,0.0103941046069831,0.0104092618736151
C>T,TCA,0.0173014540141953,0.0172615310093614,0.0166107952642673,0.0166497237301568
C>T,TCC,0.0137011514447674,0.0136898051910264,0.0120994444742095,0.0121460736311643
C>T,TCG,4.64038997837378e-05,4.55902468198877e-05,4.74631064564885e-05,4.77993693105456e-05
C>T,TCT,0.00232019498918689,0.00230506474299462,0.00196051403969112,0.00196337297128349
T>A,TTA,0.015401294324775,0.0156468295071427,0.016043010104487,0.0160550815553251
T>A,TTC,0.0342028744095653,0.0336706153528333,0.0311184341400603,0.0311321099277438
T>A,TTG,0.0122010253741724,0.0121494971477851,0.0116158610736381,0.0116133198421168
T>A,TTT,0.279023449130665,0.278869201387065,0.304290592992539,0.303422677257327
T>C,TTA,0.0302025382213121,0.0306840422802408,0.0314609678672408,0.0314846404526506
T>C,TTC,0.0209017565836233,0.0205764871600648,0.0190168208633702,0.0190251782891767
T>C,TTG,0.0129010842071168,0.0128465994431498,0.0122823449057321,0.0122796578658448
T>C,TTT,0.088107404546278,0.0880586976422953,0.0960860259592929,0.0958119636787473
T>G,TTA,0.019301622108322,0.0196093382784321,0.0201058503257532,0.020120978832323
T>G,TTC,0.0174014624189017,0.0171306639514415,0.015832185790557,0.0158391436474486
T>G,TTG,0.00764064211956372,0.00760837362369491,0.00727419496742583,0.00727260357326005
T>G,TTT,0.0217018238212739,0.0216898267745495,0.0236670461216419,0.0235995415644588
