Type,Subtype,SBS7b_GRCh37,SBS7b_GRCh38,SBS7b_mm9,SBS7b_mm10
C>A,ACA,0.00232938611358363,0.00231474548427458,0.00208465600440426,0.0020799974226975
C>A,ACC,0.00046087854006955,0.000465004578018187,0.000459960518976793,0.000459475855719005
C>A,ACG,0.000185950994474916,0.000179942628330308,0.000207323889699558,0.000208855943055443
C>A,ACT,0.000709812935898873,0.000705523492288135,0.0007140247373109,0.000712673640022722
C>G,ACA,8.55774469196388e-06,8.50395765896584e-06,7.65865038527916e-06,7.64153559583286e-06
C>G,ACC,0.000188950204063221,0.000190641790120255,0.000188573835328881,0.00018837513390649
C>G,ACG,0.000504866947364691,0.000488553910251644,0.000562895506979982,0.000567055114209671
C>G,ACT,0.000284924910888984,0.000283203091974815,0.00028661556356846,0.000286073221699262
C>T,ACA,0.0014096285065034,0.00140076872653526,0.00126153002841631,0.00125871088669677
C>T,ACC,0.0380899617714747,0.0384309640401148,0.0380140906139172,0.037974034930356
C>T,ACG,0.000542856935483223,0.000525316382706223,0.000605252000574515,0.000609724607952181
C>T,ACT,0.0107971545178984,0.0107319066432561,0.0108612213562785,0.0108406694538668
T>A,ATA,0.00248934395829323,0.00249627401105277,0.00264271116584234,0.00262565677696208
T>A,ATC,0.00046687695924616,0.000464677787060808,0.000468777314152789,0.000465863107117097
T>A,ATG,0.00155958898591865,0.00156314347998311,0.001551269679812,0.00154677533338781
T>A,ATT,0.00828781582901642,0.00830222492375088,0.00978795388818632,0.00971147591308869
T>C,ATA,0.00101973126002373,0.0010225700768168,0.00108255638118843,0.00107557024598447
T>C,ATC,0.000455879857422375,0.000453732485866656,0.000457735450221995,0.000454889886178579
T>C,ATG,0.00149960479415255,0.00150302257690684,0.00149160546135769,0.00148728397441135
T>C,ATT,0.00214943353828532,0.00215317051701621,0.00253849226291925,0.00251865780616896
T>G,ATA,8.43777630843168e-05,8.46126612581742e-05,8.9576233894415e-05,8.89981654520481e-05
T>G,ATC,0.00093175444543345,0.000927365519359042,0.000935547016681797,0.000929731083154463
T>G,ATG,0.0014696126982695,0.0014729621253687,0.00146177335213054,0.00145753829492313
T>G,ATT,0.000732806876075879,0.000734080925103666,0.000865448757544098,0.000858686591591557
C>A,CCA,0.00113969964355594,0.0011449947644687,0.00115789152664928,0.00115784847601933
C>A,CCC,0.0015495916206243,0.00156770529166131,0.00153287266363127,0.0015377060640539
C>A,CCG,0.000407892504009493,0.000406150763301845,0.000513299898771992,0.000518034980299296
C>A,CCT,0.0014896074288582,0.00149689853340822,0.00147584520325466,0.00147545835632281
C>G,CCA,0.000457879330481245,0.000460006668532162,0.000465187999302957,0.000465170703523557
C>G,CCC,0.000959747068257631,0.000970965858061199,0.000949392101345818,0.000952385691284997
C>G,CCG,0.000790791594783111,0.000787414837675881,0.000995147597864328,0.00100432762111947
C>G,CCT,0.000889765511197179,0.000894120600492158,0.000881545121407143,0.000881314051763291
C>T,CCA,0.106971808649548,0.107468806840483,0.108679292413573,0.108675251696552
C>T,CCC,0.181952048357176,0.184078943924102,0.179988919213478,0.180556453972781
C>T,CCG,0.0220941773005142,0.0219998330121833,0.0278037445168162,0.0280602280995452
C>T,CCT,0.125966802708814,0.126583365912373,0.124803017187978,0.1247703039575
T>A,CTA,0.00111970491296724,0.00111923244038615,0.00108035433469066,0.00107622196533256
T>A,CTC,0.000957747595198761,0.000954321593782017,0.000921643492565108,0.00092252305135371
T>A,CTG,0.000882767355491134,0.000882388945409575,0.000870200304122524,0.000872035071789401
T>A,CTT,0.000111970491296724,0.000111199733256472,0.000106916027706287,0.000106650421707259
T>C,CTA,0.0015295968900356,0.0015289514587418,0.0014758411893542,0.0014701960776418
T>C,CTC,0.000839778684725427,0.000836774675132458,0.000808121642750199,0.000808892863399913
T>C,CTG,0.000729807666487574,0.000729494824630793,0.000719418144971056,0.000720934997062585
T>C,CTT,0.00572849031366274,0.00568905778178202,0.00546990034604487,0.00545631175341602
T>G,CTA,0.000358905414067177,0.000358753969730918,0.000346292148351737,0.000344967576387848
T>G,CTC,0.000791791331312546,0.000788958979410603,0.000761943263164474,0.000762670414062775
T>G,CTG,0.00128966012297119,0.00128910729284072,0.00127130055755159,0.00127398102220649
T>G,CTT,3.67903042832092e-06,3.65370552128409e-06,3.51295519606372e-06,3.50422814180994e-06
C>A,GCA,0.000745803450958534,0.000743886032299292,0.000778403119736366,0.000780109086651104
C>A,GCC,0.000214943353828532,0.00021737909588544,0.000244160091070295,0.000245337583629145
C>A,GCG,7.28807929958139e-05,7.21247456629595e-05,9.78805749623739e-05,9.91440517580348e-05
C>A,GCT,0.00014696126982695,0.000147334865650747,0.000144544120222794,0.000145407452063417
C>G,GCA,5.10865366541302e-05,5.09551960462384e-05,5.33195702661237e-05,5.34364267129644e-05
C>G,GCC,0.000451880911304635,0.000457001634140553,0.000513304005412899,0.000515779478141272
C>G,GCG,0.000336911210419606,0.000333416176795848,0.000452479475477641,0.000458320239265538
C>G,GCT,0.000276927018653504,0.000277631005341885,0.000272372253753157,0.000273999076337188
C>T,GCA,0.000854774732666953,0.000852577154981093,0.000892137623826532,0.000894092854003611
C>T,GCC,0.0262930707241414,0.0265910242873818,0.0298670250937151,0.0300110625555651
C>T,GCG,0.000175953629180566,0.000174128329721274,0.000236309755739064,0.00023936012495767
C>T,GCT,0.00538857989365483,0.00540227840719407,0.0052999510748358,0.00533160657565863
T>A,GTA,0.000525861414482827,0.000528678373326437,0.000527529777760555,0.000525531898780722
T>A,GTC,0.000255932551535368,0.000256736156158521,0.000233478554752223,0.000233378645969015
T>A,GTG,0.000655827163309381,0.000652357332871188,0.000618549518223791,0.000619923623369449
T>A,GTT,5.58852719954183e-05,5.50688807631742e-05,5.4908941074716e-05,5.46714592823629e-05
T>C,GTA,0.000265929916829719,0.000267354462556715,0.000266773613848494,0.000265763279611544
T>C,GTC,2.21941509534577e-16,2.22638385418717e-16,2.02469684199193e-16,2.02383044551255e-16
T>C,GTG,0.000528860624071132,0.000526062544342772,0.000498799840153026,0.000499907921893961
T>C,GTT,0.00684819522662997,0.00674815444056786,0.00672855539108774,0.00669945431277613
T>G,GTA,0.000322914899007516,0.000324644704533154,0.0003239393882446,0.000322712553814017
T>G,GTC,0.000320915425948645,0.000321923070808145,0.00029276021904478,0.000292634942797085
T>G,GTG,0.00240936503593843,0.0023966176405786,0.00227241515079167,0.00227746331146398
T>G,GTT,0.00182951784886611,0.00180279162426849,0.00179755567382344,0.00178978122516501
C>A,TCA,0.00289923593536159,0.00288066223942204,0.00301340560905782,0.00300453315444317
C>A,TCC,0.00351907258361132,0.00350171258197859,0.00336436262219505,0.00335951109877929
C>A,TCG,0.00029992095883051,0.000293451510842604,0.00033210445822472,0.000332692886329695
C>A,TCT,0.0014096285065034,0.00139468261720205,0.00128948518440325,0.0012845529478086
C>G,TCA,0.000253933078476498,0.000252306278901103,0.000263932767138168,0.000263155662492608
C>G,TCC,0.00161957317768475,0.00161158363147878,0.00154837143407841,0.0015461386306882
C>G,TCG,0.000363904096714352,0.00035605449982236,0.00040295340931266,0.000403667368746697
C>G,TCT,0.000713811882016613,0.000706243538072527,0.000652973348697816,0.000650475748039251
C>T,TCA,0.00660825845956557,0.00656592324226885,0.00686848657788697,0.00684826350029977
C>T,TCC,0.210944407710792,0.209903793976557,0.201670600364533,0.201379784614327
C>T,TCG,0.0573848767895709,0.0561470557412183,0.0635426530069964,0.0636552389177483
C>T,TCT,0.101973126002373,0.100891934010361,0.0932819069568308,0.0929251068627501
T>A,TTA,0.00323914635536951,0.00327726660046947,0.00365279599997326,0.00363625959061352
T>A,TTC,0.00223940982593447,0.00219550331912984,0.00220574305196553,0.00219507084707002
T>A,TTG,0.00169955210003956,0.00168542148711236,0.00175168403610946,0.00174206177794289
T>A,TTT,2.21941509534577e-16,2.20907497758429e-16,2.62030937021081e-16,2.59905147877814e-16
T>C,TTA,0.0059984191766102,0.0060690122230916,0.00676443703698751,0.0067338140566917
T>C,TTC,0.00172954419592261,0.00169563425986367,0.00170354262495552,0.00169530025242462
T>C,TTG,0.00380899617714747,0.00377732697994005,0.00392583304563355,0.00390426786703671
T>C,TTT,0.00296921749242205,0.00295538409163304,0.00350554902230906,0.00347710941079778
T>G,TTA,0.000954748385610456,0.000965984445508747,0.00107667289505385,0.00107179873735676
T>G,TTC,0.0015495916206243,0.00151920988600503,0.00152629541542258,0.00151891063078506
T>G,TTG,0.00134964431473729,0.00133842294564805,0.00139104320514575,0.00138340200013112
T>G,TTT,0.00176953365710001,0.00176128950915504,0.00208916557895186,0.00207221671956635
