Type,Subtype,SBS7d_GRCh37,SBS7d_GRCh38,SBS7d_mm9,SBS7d_mm10
C>A,ACA,4.03937995517688e-05,4.03557279812913e-05,3.49565295672359e-05,3.50168440526855e-05
C>A,ACC,0.000764882590522354,0.000775879424048532,0.000738158338481016,0.000740307187955871
C>A,ACG,0.000249961630889658,0.000243185468699983,0.000269491379592222,0.000272560340641673
C>A,ACT,0.00404937842041246,0.00404654757015122,0.0039389312216593,0.00394708183993762
C>G,ACA,0.00117981889779919,0.00117870690638425,0.0010210075467658,0.00102276920747943
C>G,ACC,0.00254960863507451,0.00258626474682844,0.00246052779493672,0.00246769062651957
C>G,ACG,0.000905860950344122,0.00088130413856874,0.000976636759642212,0.000987758674485422
C>G,ACT,0.00290955338355562,0.00290751936521976,0.00283019502593298,0.00283605139610333
C>T,ACA,0.00332948892345025,0.00332635084598268,0.0028813179073984,0.00288628937364958
C>T,ACC,0.00139978513298209,0.00141991005708228,0.0013508780050633,0.00135481054004996
C>T,ACG,0.00120981429350595,0.00117701766850792,0.00130433827722635,0.0013191920487057
C>T,ACT,0.032894950625079,0.0328719543353025,0.0319977375784176,0.0320639487738143
T>A,ATA,8.88863559443625e-05,8.96130307383779e-05,9.12474168033365e-05,9.10183859845358e-05
T>A,ATC,0.00107983424544332,0.00108052615491081,0.00104843600355117,0.00104605363983485
T>A,ATG,0.00369943213716694,0.00372779881185183,0.00355822080594184,0.00356199351586493
T>A,ATT,0.0410936921182598,0.0413864602193595,0.0469296884383497,0.0467478121052237
T>C,ATA,0.00435933084271564,0.00439496978649412,0.00447512640340323,0.00446389384581076
T>C,ATC,0.00392939683758543,0.00393191461925877,0.00381514212403343,0.0038064729671768
T>C,ATG,0.00918858955150384,0.00925904623808604,0.00883785113692042,0.00884722173264829
T>C,ATT,0.0509921727014903,0.0513554615860665,0.058233919959996,0.0580082339991827
T>G,ATA,0.00369943213716694,0.00372967619496061,0.00379769901206238,0.00378816679575683
T>G,ATC,0.00265959175266596,0.0026612959000581,0.00258225904578344,0.00257639137218582
T>G,ATG,0.0105983731497215,0.0106796398393593,0.0101938217683739,0.0102046300724779
T>G,ATT,0.0142978052868885,0.014399668640799,0.0163283344201557,0.0162650538468297
C>A,CCA,0.0144977745916002,0.0146434412161493,0.0142429349790479,0.0142989333023266
C>A,CCC,0.0032195058058588,0.00327465154941669,0.00307963124942868,0.00310160338299446
C>A,CCG,8.50869391548397e-05,8.51791235615176e-05,0.000103540209784077,0.000104910086372661
C>A,CCT,0.00011698204325636,0.000118186658126011,0.000112075030673851,0.000112490361088931
C>G,CCA,0.0013197974110974,0.00133305809691842,0.00129659821878229,0.00130169599717732
C>G,CCC,0.000285956105737769,0.000290854143830178,0.000273532465011367,0.000275484027185222
C>G,CCG,0.0013197974110974,0.00132122729848652,0.00160602910593398,0.00162727748545138
C>G,CCT,2.21965928230017e-16,2.24251607726277e-16,2.12655186406795e-16,2.13443249245664e-16
C>T,CCA,0.0355945362386873,0.0359521729168908,0.0349688610520071,0.0351063465905398
C>T,CCC,0.00259960096125245,0.00264412858027434,0.00248665877283061,0.00250440024713838
C>T,CCG,0.00263959482219479,0.00264245459697305,0.00321205821186797,0.00325455497090275
C>T,CCT,0.000137978820251091,0.000139399648046064,0.00013219106182044,0.000132680938720277
T>A,CTA,0.0016097529029294,0.00161772478461497,0.00150190525593892,0.00150209868562117
T>A,CTC,8.12875223653169e-05,8.14322217100257e-05,7.56408607980057e-05,7.60135515651127e-05
T>A,CTG,0.00119981582827036,0.00120574951935987,0.00114368977446881,0.00115065003624137
T>A,CTT,0.00114982350209243,0.00114804803491364,0.00106167379402401,0.0010632396305103
T>C,CTA,0.0101984345402981,0.0102489396292377,0.00951517615563786,0.00951640161076768
T>C,CTC,8.88863559443625e-05,8.9044581919081e-05,8.2711839175187e-05,8.3119369423598e-05
T>C,CTG,0.000934856499527322,0.000939479833834565,0.000891124949273612,0.000896548153238064
T>C,CTT,0.0396939069852777,0.039632614770497,0.0366508257589157,0.0367048811576166
T>G,CTA,0.00147977285486678,0.00148710104424233,0.0013806334029749,0.00138081121411139
T>G,CTC,4.97923568732199e-05,4.98809918961781e-05,4.63335162083725e-05,4.65618064937591e-05
T>G,CTG,2.57960403078127e-05,2.59236146662372e-05,2.45893301510793e-05,2.47389757791894e-05
T>G,CTT,0.000155976057675147,0.000155735211692633,0.000144018358145865,0.000144230767269224
C>A,GCA,0.00016797421595785,0.000168443150155959,0.000169528799679886,0.000170574674788728
C>A,GCC,2.21965928230017e-16,2.2568816687379e-16,2.43813448828635e-16,2.45961628137836e-16
C>A,GCG,1.81972067287671e-05,1.81052552007562e-05,2.36324548270057e-05,2.40325184396009e-05
C>A,GCT,7.39886427433388e-05,7.45755410350046e-05,7.03693079646969e-05,7.10705719654041e-05
C>G,GCA,0.000195969918617492,0.000196517008515286,0.000197783599626534,0.000199003787253516
C>G,GCC,2.21965928230017e-16,2.2568816687379e-16,2.43813448828635e-16,2.45961628137836e-16
C>G,GCG,0.000544916355339455,0.000542162861780885,0.000707675158281214,0.000719655085141894
C>G,GCT,0.000881864633778714,0.000888859826930731,0.000838726076011657,0.000847084384776843
C>T,GCA,0.000364943981098901,0.000365962796469793,0.000368321499304515,0.000370593787487415
C>T,GCC,0.000180972220764113,0.00018400701893764,0.000198784838909833,0.000200536282400668
C>T,GCG,0.000156975904198705,0.000156182695962567,0.000203862385046148,0.000207313483242711
C>T,GCT,0.0420935386418184,0.0424274361834283,0.0400344306123478,0.0404333929695069
T>A,GTA,2.36963626083396e-05,2.39513856369906e-05,2.29867750780344e-05,2.29906073861138e-05
T>A,GTC,0.000111982810638567,0.000112938388984254,9.87855719465751e-05,9.91352107723497e-05
T>A,GTG,0.00134979280680415,0.0013498700884148,0.00123104199109777,0.00123867358577319
T>A,GTT,0.00875865554637362,0.00867710883030981,0.0083215424244497,0.0083184368806076
T>C,GTA,0.000799877218846906,0.000808485591122045,0.000775924897148841,0.000776054257759117
T>C,GTC,0.00231964393465603,0.00233943805753098,0.00204627256175048,0.00205351508028439
T>C,GTG,0.00256960556554569,0.0025697526868341,0.0023435391978676,0.00235806749291637
T>C,GTT,0.317951194491645,0.314990936990699,0.302083389380708,0.301970653885071
T>G,GTA,7.47885199621857e-05,7.55934027699112e-05,7.25489778834166e-05,7.25610731004774e-05
T>G,GTC,2.22965774753575e-05,2.24868399495435e-05,1.96689129857913e-05,1.97385285734232e-05
T>G,GTG,0.00379941678952281,0.00379963432294536,0.00346515523420112,0.00348663675995416
T>G,GTT,0.00683895022114105,0.00677527675791314,0.00649764271498128,0.00649521783828265
C>A,TCA,0.0113982503685684,0.0113861182442008,0.0114559975140671,0.0114676020948503
C>A,TCC,0.00775880902281499,0.00776204311615273,0.00717282643518169,0.00719091075947199
C>A,TCG,2.21965928230017e-16,2.18345660989294e-16,2.37670286871764e-16,2.39036375891118e-16
C>A,TCT,0.000190970685999699,0.000189961740036524,0.000168927002640782,0.000168948766691383
C>G,TCA,0.00373942599810929,0.00373544580993957,0.00375837111426412,0.00376217823111755
C>G,TCC,0.000587909755852476,0.000588154813440439,0.000543507982459643,0.000544878289506383
C>G,TCG,0.000872866015066687,0.000858629558755197,0.000934622344320043,0.000939994397085342
C>G,TCT,8.52869084595514e-05,8.48363163618611e-05,7.54422687186321e-05,7.54519884752615e-05
C>T,TCA,0.000206968230376637,0.000206747936539436,0.000208016796965955,0.000208227511722281
C>T,TCC,0.00564913285810628,0.00565148757812666,0.00522248316479079,0.00523565023080112
C>T,TCG,0.00174973141622761,0.00172119327356426,0.00187352703615129,0.00188429575589845
C>T,TCT,0.0499923261779316,0.0497282041980429,0.0442217284399954,0.0442274258354405
T>A,TTA,0.0166974369434292,0.0169847723110591,0.0182081299594526,0.0181976413639825
T>A,TTC,0.00122981122397712,0.00121218160009383,0.00117133326730276,0.00117029243081677
T>A,TTG,0.00559914053192835,0.00558244082777279,0.00558037446352111,0.00557174739754748
T>A,TTT,0.0272958100931507,0.02731471197436,0.031162386336517,0.0310322535677283
T>C,TTA,0.081187537712961,0.0825846414166467,0.0885329432759012,0.0884819448356514
T>C,TTC,0.0142978052868885,0.0140928429929608,0.0136179396117313,0.0136058388298209
T>C,TTG,0.0227965007371368,0.0227285090845035,0.0227200960300502,0.0226849715471576
T>C,TTT,0.0430933851653771,0.0431232265968833,0.0491977601136953,0.0489923124091241
T>G,TTA,0.000210967616470872,0.000214598021415178,0.000230054815655359,0.000229922295077863
T>G,TTC,0.000114982350209243,0.000113334052041293,0.000109514898975461,0.000109417584995064
T>G,TTG,0.000124980815444829,0.000124608054191357,0.00012456192998931,0.000124369361552399
T>G,TTT,0.000165974522910733,0.000166089457426511,0.000189485572595671,0.000188694289093146
