OncoNPC features,Aggregated SHAP
Sex,0.6594441384580615
TP53,0.523157758999186
Age,0.3762100171545148
KRAS,0.3256894593268007
CDKN2A CNA,0.17975330029316886
PIK3CA,0.15767443454431634
APC,0.11955341210668267
BRAF,0.11709611535992409
MYC CNA,0.10275358721465042
EGFR CNA,0.09466660285590461
TERT,0.08817772424375327
PTEN,0.07832160166171494
KIT,0.06937583283825728
ARID1A,0.06667817289842713
KMT2D,0.064753819022701
CCND1 CNA,0.06276208148583826
CDKN2B CNA,0.053409598170912724
NF2,0.053409362551424026
SMAD4 CNA,0.05293626312115582
ERBB2 CNA,0.049549462296240014
MCL1 CNA,0.04885306032207373
NF1,0.04847236565444948
IDH1,0.048174874217345336
CDKN2A,0.04692289715824169
TERT CNA,0.04672083564291715
MDM2 CNA,0.045742335302836556
SMAD4,0.04516186399544037
GATA3 CNA,0.04424985535137289
NKX2-1 CNA,0.0430729410614515
EGFR,0.04206528330702944
NRAS,0.04122236022277103
PTEN CNA,0.04102101203994669
EP300 CNA,0.03955762616434701
CCNE1 CNA,0.039348822957929915
MECOM CNA,0.03905027160573396
SOX2 CNA,0.037532563055190225
TP53 CNA,0.03695937149874275
NF2 CNA,0.03693991195404351
GATA4 CNA,0.03664404380202271
RB1 CNA,0.03466853989011658
BAP1,0.03448665688267715
VHL,0.03425746794184877
GATA6 CNA,0.03390437048639408
RB1,0.03244223499427173
GNAS CNA,0.03151106354550124
FLT3 CNA,0.030358753271456786
BRAF CNA,0.029282043564881025
ARID1A CNA,0.028760827477936138
ATRX,0.028470461259492073
SETD2,0.027884054749538856
CREBBP,0.027317562746177707
BAP1 CNA,0.027091898719353472
ATM,0.02707400607326998
MEN1,0.026478944932623958
WRN CNA,0.025698798303605816
AURKA CNA,0.025498509597749342
MITF CNA,0.02499380821184214
FOXA1 CNA,0.024650620806173362
TET2,0.024581211682212122
MAP2K4 CNA,0.024468956893857884
BRCA2 CNA,0.02378402139713417
KIT CNA,0.02310826729746142
PIK3R1,0.023028015880420652
FBXW7,0.023027367744288374
FGFR1 CNA,0.022881942752011723
NBN CNA,0.022619427627113393
BCL2 CNA,0.02213865136994024
BCL2L1 CNA,0.021932998233450587
ZNF217 CNA,0.021892500528664826
MDM4 CNA,0.02164084594336532
KDM6A,0.021548654971613637
SDHC CNA,0.021410381905763495
MET CNA,0.021271472771520854
ETV1 CNA,0.021258925112297142
NOTCH1,0.020526696881354205
PRKCI CNA,0.020347993630318237
MAP3K1 CNA,0.02027314375025504
PIK3CA CNA,0.020086120538671752
CDH1,0.020024383576300316
PRDM1 CNA,0.019509473254590477
PDGFRB CNA,0.018662624557665555
RECQL4 CNA,0.018508331392752195
PBRM1,0.018499523667943607
FANCA CNA,0.0184281590867167
RAD21 CNA,0.01818819901199058
STK11 CNA,0.018127846721397344
KMT2A CNA,0.01803226360415316
FGFR2 CNA,0.017632843145995312
CDK4 CNA,0.017343703208823082
PDGFRA,0.01719325512326065
SDHA CNA,0.016804139740683646
SMO CNA,0.01638516898411105
NFKBIA CNA,0.016277471827408505
CTNNB1,0.016246659600790875
ERBB2,0.016235404252205408
BRCA2,0.01608671971923136
EZH2 CNA,0.015968184762710932
NF1 CNA,0.015963911012456096
NTRK1 CNA,0.015884333280550757
ASXL1 CNA,0.015680658402747776
STK11,0.015409897854424202
DNMT3A,0.01523871727931817
DDR2 CNA,0.014572420065008345
MPL CNA,0.01426780244546179
RET CNA,0.01420663449776075
ARID1B CNA,0.014024327996377173
EP300,0.01398489143950054
MTAP CNA,0.01385351504023447
PDGFRA CNA,0.013446618648464003
TSC2,0.013420279898680483
CBL CNA,0.013306391811268015
KRAS CNA,0.013034172631451442
DIS3 CNA,0.01292449719774215
CREBBP CNA,0.012661203855440869
FAT1,0.012317856440200796
H3F3A CNA,0.012289711772077301
CDKN1B CNA,0.012265029079551964
AKT1 CNA,0.012194456296585016
SS18 CNA,0.012140523907326804
PRKDC CNA,0.012055385843111612
CDK6 CNA,0.011892474182684755
NOTCH2 CNA,0.011770848932006446
WT1 CNA,0.01172056487627837
FGFR3,0.011617464281740764
FGFR3 CNA,0.011564139280142731
APC CNA,0.011484912699036577
SDHD CNA,0.011457946391531875
NOTCH1 CNA,0.011412091397117852
MYCL CNA,0.011362020303050604
MYB CNA,0.011246694106632852
ERBB3,0.011195525374339639
ID3 CNA,0.011088314290440684
KEAP1,0.010928268416062991
MEN1 CNA,0.010801220634554232
MYBL1 CNA,0.010736856253617874
CHEK2 CNA,0.010441227785172638
TNFAIP3 CNA,0.01037410367669704
PARK2 CNA,0.01034771888586765
CD79B CNA,0.010321718939075943
CD274 CNA,0.010190618500411013
CRKL CNA,0.010129602297216855
RUNX1,0.010101359586809104
ETV6 CNA,0.0100732149299761
SF3B1,0.009975351656846605
TCF3 CNA,0.009888084081290154
AKT1,0.009754334341696695
FLT4 CNA,0.009729886818216758
RAF1 CNA,0.009699938123757561
TRAF7,0.009641085324960988
ERCC5 CNA,0.009609023190498498
PBRM1 CNA,0.009597275372777698
GNA11 CNA,0.009437074181823024
DAXX,0.00940216213230389
HRAS,0.009306514364296864
FUS CNA,0.009297930788479996
EXT1 CNA,0.009268040228186326
MET,0.009118242758896168
SETD2 CNA,0.009082362590944285
RNF43,0.009050850488247535
FH CNA,0.009038279455808351
PRF1 CNA,0.008842231075558189
ERBB3 CNA,0.008798807596031084
CDH1 CNA,0.008763021713436335
FLT1 CNA,0.008758180727185481
TSC1 CNA,0.008729556434549975
CEBPA CNA,0.008721116375471792
AR CNA,0.008692277159999097
JAK2 CNA,0.008629218263931846
PPARG CNA,0.00862783846778088
FGFR4 CNA,0.008606864465199118
IKZF1 CNA,0.008558723766062233
ATM CNA,0.008531614676693293
PTK2 CNA,0.00851054490968442
CYLD CNA,0.008500727158452145
FLCN CNA,0.008401422171064736
FBXW7 CNA,0.008222535815735314
CCND2 CNA,0.008136587713052297
RUNX1 CNA,0.00809599706790755
MAPK1 CNA,0.008033612486229155
PPP2R1A,0.008002679101194834
SMARCB1 CNA,0.007899267896093496
ESR1 CNA,0.007856329669426653
BRIP1 CNA,0.00785443848042546
RBBP8 CNA,0.00785435981919014
FANCE CNA,0.007840019956723418
ERCC2 CNA,0.00779179707872478
GATA3,0.007698645908466836
NRAS CNA,0.007688419683240872
BCL6 CNA,0.007619162852362003
AR,0.007552421096043055
RECQL4,0.0074582334109638045
ERBB4,0.007405091451245713
SLC25A13 CNA,0.007391130857293892
BCL2,0.007370969049803119
SOX9,0.007355844966681871
XRCC6 CNA,0.007351639066600062
CARD11,0.00725829497556301
PMS2 CNA,0.007208654145111033
TSC1,0.007202038014962198
KMT2A,0.007180364145620093
CDKN2C CNA,0.007166040208215325
VHL CNA,0.0070374855093595515
STAG2,0.006984948622287364
FLT3,0.006980441639164287
BRCA1,0.006970785642106092
IDH2,0.006944149686024887
AURKB CNA,0.006888775335774649
ROS1 CNA,0.006814186871360659
NTRK3 CNA,0.006809685463344797
U2AF1 CNA,0.0067019021850882885
CCND3 CNA,0.006661016535502271
PRKAR1A CNA,0.006629748917107175
QKI CNA,0.006624987287192618
SOCS1 CNA,0.006584116280505397
MTOR CNA,0.006573556954785875
PIK3R1 CNA,0.006535216789080266
PTK2B CNA,0.006503547558431897
SMARCA4,0.006490136908695015
EWSR1 CNA,0.00645338553338122
BCOR,0.006434335920006704
BLM CNA,0.006371726557586177
SPOP,0.006367362041574562
GNAS,0.006319278832833281
TERC CNA,0.006304722979934998
MAFB CNA,0.006208986866444815
TMPRSS2 CNA,0.006178475106158216
RICTOR CNA,0.006176813114558885
SDHA,0.006135385863899079
ARID2 CNA,0.00610550961784052
TCF7L2,0.006073056816185848
ETV5 CNA,0.006068929548591167
BCL2L12 CNA,0.0060625437016687345
JAK3 CNA,0.006018510630922034
XPA CNA,0.006014438153045959
NKX3-1 CNA,0.005945564934735117
AKT3 CNA,0.005886447667309444
TET2 CNA,0.005809815243061705
FGFR2,0.005739247638253068
MYCN CNA,0.005712602245506299
FOXL2 CNA,0.00567774357164395
RBM10,0.005569728171389715
WHSC1L1 CNA,0.005498249462775632
AKT2 CNA,0.005491462728465676
NOTCH2,0.005482759137526451
PTCH1 CNA,0.005481214552663518
NPM1 CNA,0.0054403165793886306
NFE2L2,0.0054149528725686786
MCM8 CNA,0.0053304310634721365
ERCC4 CNA,0.005329044282327416
CARD11 CNA,0.0052812736704146565
CDKN1A,0.005250737006168762
PTPN11,0.0052428390635473
SETBP1 CNA,0.005196041186302187
ERG CNA,0.005130026070928713
FOXA1,0.005064634410986104
SOX9 CNA,0.005040360119354947
CDKN1B,0.005014785252099172
MAP3K1,0.004977943731754889
CDC73 CNA,0.0049602245756995835
CTNNB1 CNA,0.004921456804418736
CUX1 CNA,0.004896123413535643
SMAD2 CNA,0.004885661702186805
RARA CNA,0.004868608690879832
ESR1,0.004849372565579952
FLT1,0.0048333967604803
HOXB13 CNA,0.004810134331989694
PHOX2B CNA,0.004761379065623207
MLH1 CNA,0.004740251715650869
MYD88 CNA,0.0047262402873478075
YAP1 CNA,0.004678154064802096
KDR CNA,0.004676176665632733
MTOR,0.004650607608918145
KDM6B CNA,0.0045985332495990456
TSC2 CNA,0.004544454167342158
BRD4 CNA,0.004519990146877547
RPA1 CNA,0.004511411451692687
IL7R CNA,0.004503467065475221
STAT3 CNA,0.004432018688522276
MGA,0.0044286499893923205
FANCD2 CNA,0.0044271269587578465
XPC CNA,0.004412822656246898
IGF1R CNA,0.004395088078476214
PAX5 CNA,0.004382504255692878
ROS1,0.004381692020099282
MAP2K1,0.004345625394733583
FAT1 CNA,0.004332517470174693
DICER1 CNA,0.004329465403595193
CIC,0.004298036860777462
SBDS CNA,0.004287925978289271
FAM46C CNA,0.004258673907018849
NTRK2 CNA,0.0042551341153287525
AXL,0.004184163075104515
CIITA CNA,0.004119245060297514
PDCD1LG2 CNA,0.004104287222635672
REL CNA,0.004099343565934972
BRCA1 CNA,0.00403914443867686
FANCC CNA,0.004001277252944416
SMARCA4 CNA,0.003993813327318314
SH2B3 CNA,0.003942864505635135
ARID1B,0.003892701777987441
MED12,0.0038821775246556858
CRLF2 CNA,0.0037734577322056776
RET,0.003759957472117126
ASXL1,0.003733770808706073
ETV4 CNA,0.0037323873228509194
IKZF1,0.0037089698079859606
CYLD,0.0037048325551267175
RASA1,0.0036929254281326766
VEGFA CNA,0.003644329780087084
HRAS CNA,0.003597078030516027
ERBB4 CNA,0.0035815338353311368
RIT1 CNA,0.0035483004038290174
B2M CNA,0.003547896409275356
SUZ12 CNA,0.003538931755181634
PALB2 CNA,0.003527842362427697
RHOA,0.003505331592710424
RUNX1T1 CNA,0.0034995761213489377
EPHA7 CNA,0.0034805115994522005
CDK12,0.0034749588098215976
NPM1,0.0034695181847358213
NOTCH3,0.003464651772725724
BMPR1A CNA,0.00346008181780965
SDHB CNA,0.0034284072519179605
CDKN1A CNA,0.0034150280067849715
ARID2,0.0034117185846361795
KDR,0.0034076144098657015
NSD1,0.0033956800735458754
RHEB CNA,0.003374185032776957
SRSF2,0.0033697805846871183
FLT4,0.003365311818114293
PDGFRB,0.003328630610040424
FANCF CNA,0.0033175917029005294
NTRK1,0.003314255413616601
TCF7L2 CNA,0.0033126506862954305
LMO2 CNA,0.0032973189986669443
MAP2K4,0.0032962541566048218
PTCH1,0.003286550523132409
ALK,0.0032807090006560942
ERCC3,0.003271472518688608
NRG1 CNA,0.0032612118765995885
CBL,0.003239390995885211
NFKBIZ CNA,0.0032238846396306546
IDH2 CNA,0.003201040934783714
BCORL1,0.003171354967624917
FAS CNA,0.0031662149427284627
POT1 CNA,0.0031453265258162694
SETBP1,0.0031267010682064153
PTPRD,0.0031264931770712597
NFE2L2 CNA,0.003094512578138545
RASA1 CNA,0.0030648758834686857
FGFR1,0.0030351860982663183
ERCC2,0.0029181002834132285
ATR,0.002915071679530065
CXCR4 CNA,0.002901684384233191
MEF2B CNA,0.002878200384898878
IDH1 CNA,0.002821633088988895
CHEK2,0.0028140785230057366
SRSF2 CNA,0.0027910199594241747
NTRK3,0.0027756382162863013
WHSC1 CNA,0.002765495425325915
KDM5A,0.0027597738972955006
ERCC6 CNA,0.002732876702879612
ABL1 CNA,0.002726189139634225
POLD1,0.002716445062004016
IKZF3 CNA,0.002678002656636666
SMARCB1,0.0026439424870020704
RAC1 CNA,0.0026272182992636865
CBLB CNA,0.002626625834389843
ATR CNA,0.0026265024095629146
SMC3 CNA,0.0026245167528873505
H3F3A,0.0026231287825688714
SMO,0.002621872275988026
KDM5C,0.002616901680162557
IGF1R,0.0026084852862479917
CRTC1 CNA,0.002607232660986879
KIF1B CNA,0.002588577036447758
RSPO3 CNA,0.002575158270059863
EPHA5 CNA,0.002574906389153889
PIK3C2B CNA,0.0025643686351237535
KMT2D CNA,0.002550624172345568
RBL2 CNA,0.0024951252315223767
SRC CNA,0.0024911192741280605
CCND2,0.0024864832202826054
CDK5 CNA,0.002455430833096972
PALB2,0.0024171257153397714
RFWD2 CNA,0.0024152065716147326
ARHGAP35,0.002407983491029995
CCND1,0.002395519485320697
FANCG CNA,0.002378919224593434
CSF3R CNA,0.002377328495156015
TET1 CNA,0.002350777946314678
MITF,0.0023501444566443874
EPHA5,0.0023487492476336426
GNAQ,0.0023316758121780076
GNAQ CNA,0.0023050270926588405
XRCC2 CNA,0.0022940178507829968
JAK3,0.00228724142105758
JAZF1 CNA,0.0022802542545179647
PMS2,0.0022731528867414516
FANCA,0.002236181484028729
PAX5,0.00221828902680688
TNFAIP3,0.002208246702361796
PRKDC,0.002202899443144554
MSH2,0.00220196631928272
ALOX12B CNA,0.002190691950499488
KEAP1 CNA,0.0021544964499410155
CASP8,0.0021304670999630834
SUFU CNA,0.002123784354814569
SF1 CNA,0.002116101360771835
DOCK8 CNA,0.0021129776560909887
POLB CNA,0.002108388789343229
MAX,0.0021080725180158935
CDK8 CNA,0.002098955008494489
CTCF,0.002084364076318755
LIG4 CNA,0.0020483309255543776
TCEB1 CNA,0.0020470388632157534
POLQ,0.002039271429614566
LMO3 CNA,0.002025495612273287
FGFR4,0.002010432371164546
JAK1,0.00198708417050863
MSH6,0.0019692511738623793
EPHA3 CNA,0.001953884198416405
NSD1 CNA,0.001952222740300452
AXL CNA,0.0019340499049609848
PVRL4 CNA,0.0019282694373354483
MYD88,0.0019267288986244855
PRPF8 CNA,0.0019117577683899643
PAXIP1 CNA,0.0018936610356156786
SLC34A2 CNA,0.0018731267149962238
SMAD2,0.0018506156959425214
SYK CNA,0.0018435589802484117
ARAF,0.0018421208744086245
MAF CNA,0.0018254705027702586
PTPRD CNA,0.0018166227736805156
TCF3,0.0018156876023966554
NKX2-1,0.0017899602145809836
UBE2T CNA,0.0017608597842433565
XPO1,0.0017526124746541645
ALK CNA,0.0017526000471673243
KDM5A CNA,0.001747242484522944
PIM1 CNA,0.0017380621042173137
SOCS1,0.0017350467515999254
TET1,0.0017342027143000592
EXT2 CNA,0.0017341097804028807
GBA CNA,0.0017293305382316505
DAXX CNA,0.001708605023926464
MUTYH CNA,0.001700604411337497
XRCC4 CNA,0.0016966746046752224
MYC,0.0016965054868754805
WT1,0.0016490539749653102
BUB1B CNA,0.001647383522209797
EPHA3,0.0016252821077444913
CUX1,0.0016244463056952136
CBFA2T3 CNA,0.0016137989767230963
PPP2R1A CNA,0.0016040440832193756
SMC3,0.0016025813685549594
DIS3L2 CNA,0.0016020137471535738
SERPINA1 CNA,0.0015989792830032093
ZNF708 CNA,0.0015982123432386724
DDB2 CNA,0.0015800428462727457
ID4 CNA,0.001575715425636546
XPO1 CNA,0.001574888183188583
GLI1 CNA,0.0015602452418887614
CDK1 CNA,0.001543445125853836
KAT6A CNA,0.0015428899715831293
NEIL3 CNA,0.0015416612456676125
DDR2,0.0015412297611811267
DEPDC5 CNA,0.0015394671729931767
DMC1 CNA,0.0015200677161117775
KAT6B CNA,0.0015145443689944403
FH,0.0015108854981760666
BRIP1,0.0015010832337587169
B2M,0.0014885669859029027
ABL1,0.0014826546514823736
SPOP CNA,0.0014690194559230983
SUZ12,0.001467546179680655
DCLRE1C CNA,0.0014638933403628184
IL7R,0.0014599159707457607
RPL26 CNA,0.0014487684440617648
RAD52 CNA,0.001433248903290203
ETV6,0.001432534070125325
ZNF217,0.001424175680527155
NTRK2,0.0014155256511570232
CBFB,0.001412108318522243
SLX4,0.0014102635584171824
SH2B3,0.001400060315796635
RNF43 CNA,0.0013914811725438683
MLH1,0.0013886055448287594
CRTC2 CNA,0.001385885566889126
PRAME CNA,0.001383549640965716
ERCC3 CNA,0.0013791932723031465
AKT3,0.001374176498884718
NT5C2 CNA,0.0013672696475714155
POLE,0.0013643004120673834
LMO1 CNA,0.0013525473830975994
DNMT3A CNA,0.0013510983782209888
STAT3,0.0013447253049474561
STAG1 CNA,0.001338538599102731
PRKCZ CNA,0.001338016657015983
HMBS CNA,0.001319792379459701
RSPO2 CNA,0.0012831529200594367
U2AF1,0.0012817986402349746
NEIL2 CNA,0.0012738292907773846
CDKN1C CNA,0.0012547841725096375
ENG CNA,0.0012519892206605868
CDK12 CNA,0.0012496613169227348
ZNRF3 CNA,0.0012459374226024076
GATA2 CNA,0.0012394554379592043
BARD1,0.0012356246024802248
DIS3,0.0012156309456439005
SOS1,0.0012055431977784868
BMPR1A,0.0012019808463856268
GLI1,0.0011917394842893864
GLI3 CNA,0.0011795221673930353
JAK1 CNA,0.0011740026005452367
PNRC1 CNA,0.0011691874040929797
RAF1,0.0011626655686126288
ERCC5,0.001144544073512076
WHSC1,0.0011388935665336253
RINT1 CNA,0.0011236899323388621
RHOA CNA,0.0011233405193388066
CTNNA1 CNA,0.0011116640434680313
COL7A1 CNA,0.0011061137281524582
EZH2,0.001105538227468274
H3F3B CNA,0.001104272263313842
KLF2 CNA,0.0010899071306855182
HIST1H3B CNA,0.001088252787936219
KLLN CNA,0.0010793787265373958
NEGR1 CNA,0.0010612223594955116
PIK3C2B,0.001048046928430366
MAP2K1 CNA,0.0010162469022458214
NBN,0.0010161433740555053
NFKBIA,0.0010102280783251983
GLI2,0.0009909221008899784
RAD50,0.0009793719239747358
PMS1 CNA,0.0009773698122848423
SDHAF2 CNA,0.0009770228318891601
BRD3 CNA,0.0009653675109747409
MYCN,0.0009532210144662535
RAD54B CNA,0.0009447232861704209
HNF1A CNA,0.000934042479010282
EXO1 CNA,0.0009310424075879509
GNA11,0.000922656144842285
ZRSR2 CNA,0.0009089159879788648
STAT6,0.0009006647327223044
PIM1,0.0008991245576965112
BLM,0.000896571815536407
BRD4,0.0008935278086148638
PRDM1,0.0008850695221107923
DICER1,0.0008817207636415026
JAK2,0.0008761678364747999
CDKN2B,0.000873950895086811
PRSS1 CNA,0.0008687459309126531
EPHA7,0.0008629838415257572
CEBPA,0.0008617113034632063
RHPN2 CNA,0.0008466430562235575
POLQ CNA,0.000833852901678974
FANCD2,0.000831280967005751
PTPN11 CNA,0.0008274140460113502
ARHGAP35 CNA,0.0008212857918295673
RPTOR CNA,0.00080216770111316
AXIN2 CNA,0.0007890088969995605
GLI2 CNA,0.0007840644097169843
BRE CNA,0.0007802439684465618
CIC CNA,0.0007784747258327405
CDH4 CNA,0.0007712281772808014
ITK CNA,0.0007659649700237204
ACVR1,0.0007602164711452045
TLX3 CNA,0.000758896603166982
MPL,0.0007533081440204789
MAP2K2 CNA,0.000750191256044399
HFE CNA,0.0007479967754179897
PHF6,0.000745887506818552
MYBL1,0.0007345056410161417
SUFU,0.0007322727330508683
GPC3 CNA,0.000731676612255995
KLF4 CNA,0.0007289128940205498
RARA,0.0007202236575515025
INSIG1 CNA,0.0007139634052790829
HABP2 CNA,0.0007091936204546126
NFKBIE,0.0007012872567161373
RAD51C CNA,0.0006983662736972236
GSTM5 CNA,0.0006970948246720734
FANCI CNA,0.0006945109073040113
RHOH CNA,0.0006880196222996252
ERCC4,0.0006851170632392171
UROD CNA,0.0006755810132865952
CSF1R CNA,0.0006714564349023058
MLH3 CNA,0.0006697116828498523
HELQ CNA,0.000668027775271464
HNF1A,0.0006672156030611903
MSH2 CNA,0.0006656080233687551
SMARCE1 CNA,0.0006624623791672261
ERG,0.0006512947731876288
PARK2,0.0006449316062543192
SLX4 CNA,0.0006301353322724954
FAM175A CNA,0.000628670192982171
TAL1 CNA,0.0006267214180682304
PPM1D CNA,0.0006261386423663079
FKBP9 CNA,0.0006202666383281265
STAT6 CNA,0.000615949663540145
PTPN14 CNA,0.0006063910165377496
NTHL1 CNA,0.0006058605898581868
RICTOR,0.0005979011338961887
KDM5C CNA,0.0005939176078217349
WRN,0.0005886573381262762
PMS1,0.0005885363516949728
MTA1 CNA,0.0005819258381001643
RAD21,0.0005776202854399904
OGG1 CNA,0.0005750963338701773
SF3B1 CNA,0.0005741272340992455
BARD1 CNA,0.0005687344256449579
MGA CNA,0.000557786926273719
SYK,0.0005547225479564804
TAL2 CNA,0.0005531232435414495
TMPRSS2,0.0005440942816930372
CD58 CNA,0.0005429437309830582
BCL6,0.0005365977930899293
SDHB,0.0005361777485839717
CBFB CNA,0.000535422447176325
ABCB11 CNA,0.0005314849997955407
RAD51 CNA,0.0005144606614180899
HIST1H3C CNA,0.00048742387171491836
RPTOR,0.00047863307996240444
MAPK1,0.00047708917283788944
RAD51D CNA,0.00047482731751415276
ERCC1 CNA,0.00047162866969254413
CHEK1 CNA,0.0004685646079262644
NKX3-1,0.0004673459305909586
TRAF7 CNA,0.0004658219331407283
TLR4 CNA,0.0004639276437209634
TP53BP1,0.00044144223954395906
FUS,0.0004406826340206581
DKC1 CNA,0.00044037061004434207
CADM2 CNA,0.0004310365801507161
USP8 CNA,0.000426898135493165
CRLF2,0.00042598909453513606
MUTYH,0.00042523820775677016
FOXO1,0.0004225892069885214
EGLN1 CNA,0.00042062498953750345
POLE CNA,0.000420101953341476
USP28 CNA,0.0004198363535741224
RAD50 CNA,0.00041103606123159183
TSHR,0.0004107376995823753
AXIN2,0.00040909435270919354
TSHR CNA,0.00040791974659685364
MSH6 CNA,0.00040765596773908276
EED CNA,0.00040359453252305686
NOTCH3 CNA,0.0004027151105743002
CDK8,0.00040083173260529857
MRE11A CNA,0.00039783008107249963
FLCN,0.00039667589034163986
AKT2,0.00039441975427533855
MEF2B,0.00038800251828848605
XRCC3 CNA,0.0003872119544398526
NFKBIE CNA,0.0003835010127216985
CDK2 CNA,0.0003826966205660202
MAX CNA,0.00038228099549203855
CALR CNA,0.00037943134034104995
KLF4,0.0003749485064338724
GATA2,0.0003733188250774812
PRPF40B CNA,0.00037165647158445735
PRKAR1A,0.00037040752263044934
REL,0.0003654449864792403
CDK9 CNA,0.00035767691116284447
BCOR CNA,0.00035696410992374484
POLH CNA,0.00035660994181290064
PPARG,0.00035101906173469884
CSF1R,0.00034884228821998984
ALOX12B,0.000342032967170056
BCL11B CNA,0.0003403057114334914
IGF2 CNA,0.00033894168675812237
ELANE CNA,0.0003368582826704651
KCNIP1 CNA,0.000332720456020139
SLITRK6 CNA,0.0003254864297959963
SLX1B CNA,0.0003152614649339089
ARHGEF12 CNA,0.00031440969256372705
KDM6A CNA,0.000314341829050024
RNF8 CNA,0.00031130422919471387
TLR4,0.0003052310646329148
TCF7L1 CNA,0.000304500995801721
CTNNA1,0.00030320315601298675
CASP8 CNA,0.00029967806237371286
ZRSR2,0.00029703165818680807
WHSC1L1,0.00029693175547642166
YAP1,0.0002967819715073055
ID3,0.00029594369005430353
MDM2,0.0002954134159229513
RHBDF2 CNA,0.0002853631955133606
PNKP CNA,0.0002850015915798296
CHEK1,0.0002794643108856472
GALNT12 CNA,0.00027875352788491446
FAH CNA,0.0002768751051093529
EPCAM,0.00027608230406472075
ARAF CNA,0.0002722454475917784
CBLB,0.00027105463724706253
NPRL2 CNA,0.0002701577088446071
FANCC,0.00026791338322667375
SLX1A CNA,0.00026725559910362363
SOS1 CNA,0.00026707007533814593
ETV1,0.0002597160637701945
CDK4,0.0002557984337719341
MRE11A,0.00025298661588938487
CSF3R,0.0002469510308144924
KCNQ1 CNA,0.000245059902558324
HIST1H3B,0.00024325728638092319
ATRX CNA,0.0002431870882219051
KAT6A,0.00024140456156146489
XRCC5 CNA,0.0002410494350211347
FOXL2,0.00024069358242490566
BCL2L12,0.0002395358096906867
BRCC3 CNA,0.0002388315057695505
FANCB CNA,0.00023863868506493
RELA,0.00023846329793782018
FANCF,0.00023827058317051392
POLD1 CNA,0.00023786355843226812
ACVR1 CNA,0.0002322964909725741
MAP2K2,0.00023174983786288292
TAZ CNA,0.00023173520218908595
FANCG,0.0002305713409971877
TP53BP1 CNA,0.00022997595906785586
CTCF CNA,0.00022938481466827887
RHOT1 CNA,0.0002293657823855957
EME1 CNA,0.0002290150930147246
GREM1 CNA,0.00022851161885037945
GATA6,0.00022625655825770215
RIF1 CNA,0.00022452618523777711
PRKCI,0.00022328916738537444
CTLA4 CNA,0.00022323361595863258
POT1,0.00022044341698905832
FAN1 CNA,0.00021757814290691732
TCEB1,0.00021281405860577054
BABAM1 CNA,0.00020243843807635887
FANCM CNA,0.0002000978981037032
STAG2 CNA,0.00019443824438602694
RAD51,0.0001905718199261764
RUNX1T1,0.00019045432140489538
MUS81 CNA,0.00018900699740778172
MYCL,0.00018823593626155486
SH2D1A,0.0001875706337367991
RAD52,0.00018568188691824806
TOPBP1 CNA,0.00018535659476945877
MDM4,0.0001853153906053806
TDG CNA,0.00018180428763122158
PPM1D,0.0001794971752520846
AURKB,0.0001794706397748099
H19 CNA,0.00017820047567036686
TMEM127 CNA,0.0001765254329965148
CCND3,0.00017555527015543628
BIRC3,0.00017338348407369323
SQSTM1 CNA,0.00017299485717985118
EPCAM CNA,0.0001728752046510542
TRAF3 CNA,0.00017031037154772736
PML CNA,0.0001647637493322774
XRCC1 CNA,0.00015923125736591408
RELA CNA,0.00015637507700817083
CCNE1,0.00015016297134881374
SLITRK6,0.0001457515363535107
TRIM37 CNA,0.00014501376853322026
TMEM127,0.00014482203841237218
RAC1,0.00014418220309841964
DDB1 CNA,0.00014013736026177788
GREM1,0.00013880063558011145
H3F3B,0.00013518073371107894
PSMD13 CNA,0.00013137208346720753
NPRL3 CNA,0.0001304696955260451
FANCE,0.00012641627873586015
MBD4 CNA,0.0001261511397032271
RFWD2,0.00012613027892778347
CRKL,0.0001162642318784029
AURKA,0.00011533465051243776
NEIL1 CNA,0.00011465945035573228
FANCL CNA,0.00011188918623168731
VEGFA,0.0001099613903523359
IGF2,0.00010938985130126114
SDHC,0.00010857431994504325
UIMC1 CNA,9.971869391824494e-05
BCORL1 CNA,9.238725649583966e-05
SOX2,8.985279739681678e-05
MYB,8.839615207318376e-05
BABAM1,8.434257908014023e-05
QKI,8.273261299442466e-05
CDC73,8.257583526424427e-05
PNRC1,7.854600639762045e-05
CD274,7.763597247985852e-05
MCL1,7.597665920515851e-05
RBM10 CNA,7.438915480507285e-05
FAM46C,7.133046673447573e-05
DMD CNA,7.113086563861731e-05
BCL2L1,7.095266031119473e-05
NEGR1,6.96438183099706e-05
FAS,6.575440619037675e-05
SDHD,6.418032492421775e-05
CALR,6.078849190815384e-05
RIT1,6.068202666407408e-05
NUTM1,5.9067572491694345e-05
WAS CNA,5.44559976701524e-05
PTK2B,5.351628018710419e-05
PHOX2B,5.1772070813279555e-05
CDKN2C,5.175575499617867e-05
CD79B,4.876691355595733e-05
EED,4.4266162215377855e-05
LMO1,4.4051777164334124e-05
RAD51C,4.317167078984133e-05
NR0B1 CNA,4.201207832845822e-05
MLH3,4.070648355519387e-05
GEN1 CNA,3.916193866813559e-05
PHF6 CNA,3.8280967526787955e-05
FANCL,3.708307142809812e-05
SRC,3.381339025302359e-05
FAM175A,3.219799677352715e-05
SDHAF2,3.1753002769054055e-05
GATA4,3.065611031935347e-05
XRCC2,3.013030628706317e-05
CDK6,2.7566837219627908e-05
NTHL1,2.5593027887498538e-05
RSPO2,2.5318569289879442e-05
SS18,2.5048198796907956e-05
JAZF1,2.4781343577669027e-05
ERCC1,1.925902418565462e-05
GPC3,1.882969737031441e-05
HOXB13,1.7957384018314463e-05
TFE3 CNA,1.3255006467671072e-05
SMC1A,1.3016622678447377e-05
PDCD1LG2,1.0910931666436875e-05
HIST1H3C,1.07287252831202e-05
SMC1A CNA,1.0620547973068014e-05
SH2D1A CNA,1.0406327111904158e-05
EWSR1,8.715279431805198e-06
RAD51D,6.254062326828082e-06
TFE3,4.801551121860907e-06
LINC00894 CNA,4.704552522411699e-06
TRAF3,4.565658805681853e-06
WWTR1,3.0416943537790867e-06
CXCR4,2.4125716232230433e-06
IKZF3,2.3608640771130943e-06
MED12 CNA,1.2844959599327101e-06
RSPO3,5.652519851053387e-07
CTLA4,4.2358610182260525e-07
NT5C2,3.982561147815052e-07
RHEB,1.1765042771776325e-07
SNAPC5,0.0
NCOA2,0.0
SDCCAG8,0.0
PDGFB,0.0
YWHAE,0.0
MFSD11,0.0
TOE1,0.0
INSRR,0.0
